title,url,text
Michael Jackson Official Website,https://www.michaeljackson.com/,"Michael Jackson was one of the most influential artists in popular music. His official website presents information about his albums, videos, songs, performances, and legacy."
Michael Jackson Biography,https://www.britannica.com/biography/Michael-Jackson,"Michael Jackson was born on August 29, 1958, in Gary, Indiana. He became an American singer, songwriter, dancer, and entertainer with a major impact on popular music."
Childhood in Gary Indiana,https://www.britannica.com/biography/Michael-Jackson,"Michael Jackson grew up in Gary, Indiana, in a large musical family. His childhood was closely connected to singing, rehearsals, and performance with his brothers."
Family Background,https://www.britannica.com/biography/Michael-Jackson,"Michael Jackson was part of the Jackson family, one of the most famous musical families in popular music. His family background strongly influenced his early career."
Joseph Jackson Father,https://www.britannica.com/biography/Michael-Jackson,"Joseph Jackson was Michael Jackson's father and an important figure in the early career of the Jackson family. He helped organize and manage the musical development of his children."
Katherine Jackson Mother,https://www.britannica.com/biography/Michael-Jackson,"Katherine Jackson was Michael Jackson's mother. She was part of the family environment that supported the children's musical development and early performance life."
Early Musical Training,https://www.britannica.com/biography/Michael-Jackson,"Michael Jackson started performing at a very young age. Early rehearsals and performances helped him develop his voice, rhythm, confidence, and stage presence."
Jackson 5 Formation,https://kids.britannica.com/kids/article/Michael-Jackson/487595,"The Jackson 5 was a family music group that included Michael Jackson and his brothers. Michael became the lead singer while he was still a child."
Jackson 5 and Motown,https://kids.britannica.com/kids/article/Michael-Jackson/487595,"The Jackson 5 signed with Motown Records in 1969. The group became famous with energetic performances, catchy songs, and Michael Jackson's strong lead vocals."
I Want You Back,https://kids.britannica.com/kids/article/Michael-Jackson/487595,"I Want You Back was one of the famous early hits of the Jackson 5. The song helped introduce Michael Jackson's young voice and performance energy to a wide audience."
ABC,https://kids.britannica.com/kids/article/Michael-Jackson/487595,"ABC was one of the best-known songs by the Jackson 5. It showed the group's youthful pop and soul sound and became part of Michael Jackson's early musical identity."
I'll Be There,https://kids.britannica.com/kids/article/Michael-Jackson/487595,"I'll Be There was an important Jackson 5 song that highlighted emotional singing and helped show Michael Jackson's vocal ability at a young age."
Michael as Lead Singer,https://kids.britannica.com/kids/article/Michael-Jackson/487595,"Michael Jackson became the lead singer of the Jackson 5 as a child. His voice, rhythm, and stage confidence made him stand out within the group."
From Jackson 5 to Solo Career,https://www.britannica.com/summary/Michael-Jackson,"Michael Jackson first became famous as a member of the Jackson 5 and later became a global solo artist. This transition was one of the most important parts of his career."
The Jacksons Era,https://www.britannica.com/summary/Michael-Jackson,"After the Jackson 5 period, the group continued as The Jacksons. This era allowed the brothers to develop more control over their music and performances."
Off the Wall Album,https://www.michaeljackson.com/listen/,"Off the Wall was released in 1979 and became an important album in Michael Jackson's solo career. It connected pop, disco, soul, and dance music."
Don't Stop Til You Get Enough,https://www.michaeljackson.com/listen/,"Don't Stop Til You Get Enough is one of the major songs from the Off the Wall era. It showed Michael Jackson's energetic solo sound and dance-oriented style."
Rock With You,https://www.michaeljackson.com/listen/,"Rock With You is a well-known song from the Off the Wall period. It reflects Michael Jackson's smooth vocal style and connection to disco and pop music."
Thriller Album,https://www.michaeljackson.com/albums/thriller/,"Thriller was released in 1982 and became one of Michael Jackson's most famous albums. It includes songs such as Thriller, Billie Jean, Beat It, and Human Nature."
Billie Jean,https://www.michaeljackson.com/watch/billie-jean/,"Billie Jean is one of Michael Jackson's most iconic songs. It is known for its bassline, vocal performance, visual style, and connection to his moonwalk performance."
Beat It,https://www.michaeljackson.com/albums/thriller/,"Beat It is one of the major songs from Thriller. It helped connect pop, rock, and dance elements and became one of Michael Jackson's recognizable tracks."
Thriller Song and Video,https://www.michaeljackson.com/watch/thriller/,"Thriller became famous as both a song and a music video. The video used cinematic storytelling, choreography, and theatrical style."
Motown 25 and Moonwalk,https://kids.britannica.com/kids/article/Michael-Jackson/487595,"Michael Jackson's moonwalk became one of his most famous performance symbols. It is closely connected to his Billie Jean performances and his image as a unique dancer."
Moonwalk,https://kids.britannica.com/kids/article/Michael-Jackson/487595,"The moonwalk is one of Michael Jackson's most famous dance moves. It became a signature part of his performance style and global image."
Bad Album,https://www.michaeljackson.com/listen/,"Bad was released in 1987 and continued Michael Jackson's global success after Thriller. The album strengthened his image as a solo pop performer."
Bad Song and Image,https://www.michaeljackson.com/,"Bad is connected to Michael Jackson's stronger visual image in the late 1980s. The song and video showed confidence, choreography, and a more dramatic performance style."
The Way You Make Me Feel,https://www.michaeljackson.com/,"The Way You Make Me Feel is one of Michael Jackson's well-known songs from the Bad era. It shows his energetic pop sound and confident performance style."
Man in the Mirror,https://www.michaeljackson.com/,"Man in the Mirror is one of Michael Jackson's important songs with a message about personal change, reflection, and social responsibility."
Smooth Criminal,https://www.michaeljackson.com/,"Smooth Criminal is known for its dramatic rhythm, sharp choreography, and stylish visual performance. It became one of Michael Jackson's signature songs."
Dangerous Album,https://www.michaeljackson.com/listen/,"Dangerous was released in 1991 and showed a new sound in Michael Jackson's career. It included pop, R&B, dance, and new jack swing influences."
Black or White,https://www.michaeljackson.com/albums/essential-michael-jackson/,"Black or White became one of Michael Jackson's famous songs from the Dangerous era. It is connected to themes of unity, identity, and global pop culture."
Remember the Time,https://www.michaeljackson.com/albums/essential-michael-jackson/,"Remember the Time is a well-known song from the Dangerous period. It is remembered for its rhythm, visual style, and connection to Michael Jackson's 1990s sound."
Heal the World,https://www.michaeljackson.com/,"Heal the World is one of Michael Jackson's songs with a humanitarian message. It reflects themes of peace, care, and social responsibility."
HIStory Album,https://www.michaeljackson.com/albums/history-past-present-and-future-book-i/,"HIStory: Past, Present and Future, Book I was released in 1995. It combined earlier hits with newer material and represented both reflection and new artistic direction."
They Don't Care About Us,https://www.michaeljackson.com/albums/history-past-present-and-future-book-i/,"They Don't Care About Us is one of Michael Jackson's socially focused songs. It is connected to themes of injustice, protest, and public awareness."
Scream,https://www.michaeljackson.com/albums/history-past-present-and-future-book-i/,"Scream is a song from the HIStory era. It reflects pressure, media attention, and frustration through a strong visual and musical style."
You Are Not Alone,https://www.michaeljackson.com/albums/history-past-present-and-future-book-i/,"You Are Not Alone is one of Michael Jackson's well-known songs from the HIStory period. It presents a softer emotional side of his music."
Blood on the Dance Floor,https://www.michaeljackson.com/listen/,"Blood on the Dance Floor: HIStory in the Mix was released in 1997. It connected remix material with new songs and dance-oriented production."
Invincible Album,https://www.michaeljackson.com/listen/,"Invincible was released in 2001 and was one of Michael Jackson's later studio albums. It showed his continued interest in contemporary pop and R&B production."
Music Videos,https://www.britannica.com/biography/Michael-Jackson,"Michael Jackson helped change the role of music videos in popular music. His videos used storytelling, choreography, fashion, and cinematic presentation."
Dance Style,https://www.britannica.com/biography/Michael-Jackson,"Michael Jackson influenced dance through sharp choreography, body control, rhythm, and memorable stage movements. His dancing became a central part of his global image."
Stage Performance,https://www.britannica.com/biography/Michael-Jackson,"Michael Jackson's stage performances combined music, dance, costume, lighting, and theatrical presentation. His concerts helped shape the expectations of large pop shows."
Bad World Tour,https://www.britannica.com/biography/Michael-Jackson,"The Bad World Tour was Michael Jackson's first major solo world tour. It supported the Bad album and showed his ability to perform as a global concert artist."
Dangerous World Tour,https://www.michaeljackson.com/,"The Dangerous World Tour was connected to the Dangerous album era. It included large concerts, choreography, dramatic staging, and international performances."
HIStory World Tour,https://www.michaeljackson.com/,"The HIStory World Tour was connected to the HIStory era. It showed Michael Jackson's continued global popularity and large-scale performance style."
This Is It Concerts,https://kids.britannica.com/kids/article/Michael-Jackson/487595,"This Is It was Michael Jackson's planned concert project near the end of his life. A film featuring rehearsals for the concerts was released after his death."
GRAMMY Awards,https://www.grammy.com/artists/michael-jackson/13202,"Michael Jackson received major recognition from the GRAMMY Awards. His GRAMMY profile highlights important wins, nominations, and major career moments."
Eight GRAMMYs in One Night,https://www.grammy.com/news/30-years-later-michael-jacksons-thrilling-grammy-night,"At the 1984 GRAMMYs, Michael Jackson became the first artist to win eight GRAMMY Awards in one night. This became one of the most famous award moments of his career."
Rock and Roll Hall of Fame,https://www.rockhall.com/inductees/michael-jackson/,"Michael Jackson was inducted into the Rock and Roll Hall of Fame as a member of the Jackson 5 and later as a solo artist. This reflects his major influence on popular music."
Death and Legacy,https://www.britannica.com/biography/Michael-Jackson,"Michael Jackson died on June 25, 2009, in Los Angeles, California, at age 50. His legacy continued through his music, videos, dance style, and influence on later performers."
